Job Title,Company,Location,Vacancies,Salary,Posted,URL
"Professional Full Time Painter","Home Painters Toronto","Toronto, Ontario, Canada",1,"CA$45,000.00/yr - CA$60,000.00/yr","1 year ago","https://ca.linkedin.com/jobs/view/professional-full-time-painter-at-home-painters-toronto-4292388643"
"ESTIMATOR","D. Crupi & Sons Limited","Scarborough, Ontario, Canada",1,"$70,000-$110,000/year","1 month ago","https://ca.linkedin.com/jobs/view/estimator-at-d-crupi-sons-limited-4451289526"
"Kitchen and Bath Sales Full Time - GUELPH","The Home Depot Canada","Guelph, Ontario, Canada",1,"$18.85 - $19.85","3 days ago","https://ca.linkedin.com/jobs/view/kitchen-and-bath-sales-full-time-guelph-at-the-home-depot-canada-4473381440"
"Store Manager - Spencer's","Spencer's","Belleville, Ontario, Canada",1,"$24.60 - $24.85 per hour","3 days ago","https://ca.linkedin.com/jobs/view/store-manager-spencer-s-at-spencer-s-4377078518"
"Full Time Sales Associate","Pet Valu","Guelph, Ontario, Canada",1,"","3 days ago","https://ca.linkedin.com/jobs/view/full-time-sales-associate-at-pet-valu-4263101687"
"DSW: Store Manager","DSW Designer Shoe Warehouse","London, Ontario, Canada",1,"$55,620 - $61,800 per year","3 weeks ago","https://ca.linkedin.com/jobs/view/dsw-store-manager-at-dsw-designer-shoe-warehouse-4462560299"
"DSW: Store Manager","Designer Brands Canada","London, Ontario, Canada",1,"$55,620 - $61,800 per year","4 weeks ago","https://ca.linkedin.com/jobs/view/dsw-store-manager-at-designer-brands-canada-4464649344"
"The Shoe Co. - Store Manager","DSW Designer Shoe Warehouse","Kanata, Ontario, Canada",1,"$47,880 - $53,200 per year","3 weeks ago","https://ca.linkedin.com/jobs/view/the-shoe-co-store-manager-at-dsw-designer-shoe-warehouse-4465241943"
"Full - Time Keyholder","Pet Valu","Pickering, Ontario, Canada",1,"$17.95","2 weeks ago","https://ca.linkedin.com/jobs/view/full-time-keyholder-at-pet-valu-4320956427"
"Crew Member","Chipotle Mexican Grill","Whitby, Ontario, Canada",1,"$5,250/year","1 week ago","https://ca.linkedin.com/jobs/view/crew-member-at-chipotle-mexican-grill-4461157095"
"bindery helper","Marquis Book Printing","Montmagny, Quebec, Canada",1,"","1 week ago","https://ca.linkedin.com/jobs/view/bindery-helper-at-marquis-book-printing-4472281335"
"Lead Graphics Programmer | Programmeur de graphismes principal","Larian Studios","Québec, Quebec, Canada",1,"","3 weeks ago","https://ca.linkedin.com/jobs/view/lead-graphics-programmer-programmeur-de-graphismes-principal-at-larian-studios-4467733023"
"Pastry Chef","Germain Hôtels","Québec, Quebec, Canada",1,"","2 weeks ago","https://ca.linkedin.com/jobs/view/pastry-chef-at-germain-h%C3%B4tels-4446695640"
"dishwasher","Sushibox","Québec, Quebec, Canada",1,"","4 months ago","https://ca.linkedin.com/jobs/view/dishwasher-at-sushibox-4419100744"
"Gérant de magasin","Dollarama","Lévis, Quebec, Canada",1,"","3 days ago","https://ca.linkedin.com/jobs/view/g%C3%A9rant-de-magasin-at-dollarama-4475055673"
"Store Manager","Dollarama","Lévis, Quebec, Canada",1,"","2 days ago","https://ca.linkedin.com/jobs/view/store-manager-at-dollarama-4473456474"
"Legal Counsel - Technology & Digital (Commercial Contracts)","MNP","Québec, Quebec, Canada",1,"","15 hours ago","https://ca.linkedin.com/jobs/view/legal-counsel-technology-digital-commercial-contracts-at-mnp-4474653663"
"26- Gérant(e) de magasin","Bath Depot","Lévis, Quebec, Canada",1,"","3 weeks ago","https://ca.linkedin.com/jobs/view/26-g%C3%A9rant-e-de-magasin-at-bath-depot-4463921099"
"Gérant·e Épicerie","Super C","Thetford Mines, Quebec, Canada",1,"","2 months ago","https://ca.linkedin.com/jobs/view/g%C3%A9rant%C2%B7e-%C3%A9picerie-at-super-c-4437820832"
"Concepteur de cuisines (temps plein)","The Home Depot Canada","Sainte-Foy–Sillery–Cap-Rouge, Quebec, Canada",1,"","1 week ago","https://ca.linkedin.com/jobs/view/concepteur-de-cuisines-temps-plein-at-the-home-depot-canada-4460673603"
"Store Manager - Spencer's","Spencer's","Kelowna, British Columbia, Canada",1,"$24.85 - $25.10 per hour","2 days ago","https://ca.linkedin.com/jobs/view/store-manager-spencer-s-at-spencer-s-4376123965"
"Join Our Team of Professional Window Cleaners","Men In Kilts Lexington","North Vancouver, British Columbia, Canada",1,"$46,000 to $55,000/year","2 months ago","https://ca.linkedin.com/jobs/view/join-our-team-of-professional-window-cleaners-at-men-in-kilts-lexington-4442787240"
"Full Time Associate - Tamarack Centre","TJX Canada – Winners, Marshalls, HomeSense","Cranbrook, British Columbia, Canada",1,"$18.25-$22.81 / hour","1 week ago","https://ca.linkedin.com/jobs/view/full-time-associate-tamarack-centre-at-tjx-canada-%E2%80%93-winners-marshalls-homesense-4472222116"
"Dishwasher","Birdies Eats & Drinks","Burnaby, British Columbia, Canada",1,"CA$18.25/hr - CA$19.00/hr","1 week ago","https://ca.linkedin.com/jobs/view/dishwasher-at-birdies-eats-drinks-4361508001"
"Appliances Sales Associate: Full Time - LANGFORD","The Home Depot Canada","Victoria, British Columbia, Canada",1,"$22.05 - $24.05","2 weeks ago","https://ca.linkedin.com/jobs/view/appliances-sales-associate-full-time-langford-at-the-home-depot-canada-4467815736"
"Window Cleaner","Men In Kilts Lexington","Kamloops, British Columbia, Canada",1,"$46,000 to $55,000/year","2 months ago","https://ca.linkedin.com/jobs/view/window-cleaner-at-men-in-kilts-lexington-4442781493"
"The Shoe Co. - Store Manager","DSW Designer Shoe Warehouse","Kamloops, British Columbia, Canada",1,"$47,880 to $53,200","1 week ago","https://ca.linkedin.com/jobs/view/the-shoe-co-store-manager-at-dsw-designer-shoe-warehouse-4471406222"
"Merchandising Execution Associate Full Time - 7255 Cranbrook","The Home Depot Canada","Cranbrook, British Columbia, Canada",1,"$18.9 - $20.4","7 hours ago","https://ca.linkedin.com/jobs/view/merchandising-execution-associate-full-time-7255-cranbrook-at-the-home-depot-canada-4465788988"
"Retail Store Associate Full Time - Winners Discovery Harbour","TJX Canada – Winners, Marshalls, HomeSense","Campbell River, British Columbia, Canada",1,"$18.25-$22.81 / hour","6 days ago","https://ca.linkedin.com/jobs/view/retail-store-associate-full-time-winners-discovery-harbour-at-tjx-canada-%E2%80%93-winners-marshalls-homesense-4473562770"
"Crew Member","Chipotle Mexican Grill","West Vancouver, British Columbia, Canada",1,"$5,250/year","2 days ago","https://ca.linkedin.com/jobs/view/crew-member-at-chipotle-mexican-grill-4466743520"
"Decor Sales Specialist : Full Time - CHINOOK","The Home Depot Canada","Calgary, Alberta, Canada",1,"","4 days ago","https://ca.linkedin.com/jobs/view/decor-sales-specialist-full-time-chinook-at-the-home-depot-canada-4464824589"
"Lead Barber with Signing Bonus","Tommy Gun's Original Barbershop","Calgary, Alberta, Canada",1,"$2000","3 weeks ago","https://ca.linkedin.com/jobs/view/lead-barber-with-signing-bonus-at-tommy-gun-s-original-barbershop-4467212332"
"Merchandising Execution Associate : Full Time - MARLBOROUGH","The Home Depot Canada","Calgary, Alberta, Canada",1,"","3 days ago","https://ca.linkedin.com/jobs/view/merchandising-execution-associate-full-time-marlborough-at-the-home-depot-canada-4465183314"
"Mentor Barber with Signing Bonus","Tommy Gun's Original Barbershop","Calgary, Alberta, Canada",1,"$2000","3 weeks ago","https://ca.linkedin.com/jobs/view/mentor-barber-with-signing-bonus-at-tommy-gun-s-original-barbershop-4467201511"
"Store Manager - Spencer's","Spencer's","Medicine Hat, Alberta, Canada",1,"$22.00 - $22.25 per hour","2 days ago","https://ca.linkedin.com/jobs/view/store-manager-spencer-s-at-spencer-s-4376136580"
"Staff, Security Engineer","Fullscript","Calgary, Alberta, Canada",1,"","2 months ago","https://ca.linkedin.com/jobs/view/staff-security-engineer-at-fullscript-4450679084"
"Store Manager - Spencer's","Spencer's","Red Deer, Alberta, Canada",1,"$22.00 - $22.25 per hour","3 days ago","https://ca.linkedin.com/jobs/view/store-manager-spencer-s-at-spencer-s-4376128916"
"Full-Time Retail Store Assciate - (Permanent) Beacon Hill","TJX Canada – Winners, Marshalls, HomeSense","Calgary, Alberta, Canada",1,"$15.00-$18.75 / hour","1 week ago","https://ca.linkedin.com/jobs/view/full-time-retail-store-assciate-permanent-beacon-hill-at-tjx-canada-%E2%80%93-winners-marshalls-homesense-4471104015"
"Full Time Baker","COBS Bread","Calgary, Alberta, Canada",1,"","1 month ago","https://ca.linkedin.com/jobs/view/full-time-baker-at-cobs-bread-4466783215"
"journeyman/woman roofer","Standard Roofing & Exteriors Ltd","Grande Prairie, Alberta, Canada",1,"","4 months ago","https://ca.linkedin.com/jobs/view/journeyman-woman-roofer-at-standard-roofing-exteriors-ltd-4422147885"
"Kitchen And Bath Sales Associate Full Time - 7086 Winnipeg Southwest","The Home Depot Canada","Winnipeg, Manitoba, Canada",1,"","1 week ago","https://ca.linkedin.com/jobs/view/kitchen-and-bath-sales-associate-full-time-7086-winnipeg-southwest-at-the-home-depot-canada-4473087807"
"Staff Pharmacist","Loblaw Companies Limited","Winnipeg, Manitoba, Canada",1,"$46.75 - $60.50","14 hours ago","https://ca.linkedin.com/jobs/view/staff-pharmacist-at-loblaw-companies-limited-4476118892"
"Licensed Hairstylist","Chatters Limited Partnership","Winnipeg, Manitoba, Canada",1,"$16.40","2 months ago","https://ca.linkedin.com/jobs/view/licensed-hairstylist-at-chatters-limited-partnership-4448076091"
"Labourer","Canadian Plains Energy Services","Virden, Manitoba, Canada",1,"","1 year ago","https://ca.linkedin.com/jobs/view/labourer-at-canadian-plains-energy-services-4295940331"
"Sales Associate Full Time - 7180 Winnipeg North","The Home Depot Canada","Winnipeg, Manitoba, Canada",1,"","2 weeks ago","https://ca.linkedin.com/jobs/view/sales-associate-full-time-7180-winnipeg-north-at-the-home-depot-canada-4466830810"
"FT Retail Sales Associate at the Winnipeg Richardson Airport","Paradies Lagardère","Winnipeg, Manitoba, Canada",1,"","1 day ago","https://ca.linkedin.com/jobs/view/ft-retail-sales-associate-at-the-winnipeg-richardson-airport-at-paradies-lagard%C3%A8re-4475818035"
"Cleaner, Parts (Helicopter Business Unit)","StandardAero","Winnipeg, Manitoba, Canada",1,"","2 weeks ago","https://ca.linkedin.com/jobs/view/cleaner-parts-helicopter-business-unit-at-standardaero-4461253859"
"Host / Hostess - LOCAL Public Eatery, Garry St","LOCAL Public Eatery","Winnipeg, Manitoba, Canada",1,"","2 weeks ago","https://ca.linkedin.com/jobs/view/host-hostess-local-public-eatery-garry-st-at-local-public-eatery-4442173834"
"barber","Tommy Gun's Original Barbershop","Winnipeg, Manitoba, Canada",1,"","1 month ago","https://ca.linkedin.com/jobs/view/barber-at-tommy-gun-s-original-barbershop-4454030270"
"Jr TIG Welder","Global Drain Technologies","Winnipeg, Manitoba, Canada",1,"","4 days ago","https://ca.linkedin.com/jobs/view/jr-tig-welder-at-global-drain-technologies-4475016752"
"Painter","Broadstreet Properties","Saskatoon, Saskatchewan, Canada",1,"$21.20 to $26.50 per hour","2 weeks ago","https://ca.linkedin.com/jobs/view/painter-at-broadstreet-properties-4470281505"
"Store Manager","Loblaw Companies Limited","Yorkton, Saskatchewan, Canada",1,"$100,000.00 - $130,000.00","1 month ago","https://ca.linkedin.com/jobs/view/store-manager-at-loblaw-companies-limited-4459590706"
"Licensed Hairstylist","Chatters Limited Partnership","Saskatoon, Saskatchewan, Canada",1,"$15.70","3 months ago","https://ca.linkedin.com/jobs/view/licensed-hairstylist-at-chatters-limited-partnership-4434877168"
"Associate Lawyer - Corporate Commercial","McKercher LLP Family Law Sask","Regina, Saskatchewan, Canada",1,"","2 months ago","https://ca.linkedin.com/jobs/view/associate-lawyer-corporate-commercial-at-mckercher-llp-family-law-sask-4439094047"
"Dishwasher","Earls Kitchen + Bar","Saskatoon, Saskatchewan, Canada",1,"","4 days ago","https://ca.linkedin.com/jobs/view/dishwasher-at-earls-kitchen-%2B-bar-3961151683"
"Merchandiser, Hourly Full Time Day","Shoppers Drug Mart","Saskatoon, Saskatchewan, Canada",1,"","2 weeks ago","https://ca.linkedin.com/jobs/view/merchandiser-hourly-full-time-day-at-shoppers-drug-mart-4468187935"
"Grocery department Manager","Loblaw Companies Limited","Saskatoon, Saskatchewan, Canada",1,"$50,000.00 - $60,000.00","1 week ago","https://ca.linkedin.com/jobs/view/grocery-department-manager-at-loblaw-companies-limited-4472253097"
"Store Manager","JYSK Canada","Moose Jaw, Saskatchewan, Canada",1,"","1 month ago","https://ca.linkedin.com/jobs/view/store-manager-at-jysk-canada-4452255842"
"Store Manager","Pet Valu","Rosetown, Saskatchewan, Canada",1,"","3 days ago","https://ca.linkedin.com/jobs/view/store-manager-at-pet-valu-4473872048"
"Store Manager","Dollarama","Humboldt, Saskatchewan, Canada",1,"","2 days ago","https://ca.linkedin.com/jobs/view/store-manager-at-dollarama-4473463160"
"Full Time Store Manager (Store#1416 Truro)","Pet Valu","Truro, Nova Scotia, Canada",1,"$18 - $25/hour","1 week ago","https://ca.linkedin.com/jobs/view/full-time-store-manager-store%231416-truro-at-pet-valu-4434358413"
"Veterinarian: Thrive in a Close-Knit Halifax Practice with an Exceptional Team","VetStrategy","Halifax, Nova Scotia, Canada",1,"","1 week ago","https://ca.linkedin.com/jobs/view/veterinarian-thrive-in-a-close-knit-halifax-practice-with-an-exceptional-team-at-vetstrategy-4472796055"
"Store Manager","Dollarama","Dartmouth, Nova Scotia, Canada",1,"CA$20.47/hr - CA$22.51/hr","2 days ago","https://ca.linkedin.com/jobs/view/store-manager-at-dollarama-4473461198"
"barber","First Choice Haircutters","Lower Sackville, Nova Scotia, Canada",1,"","4 months ago","https://ca.linkedin.com/jobs/view/barber-at-first-choice-haircutters-4419106657"
"Staff Pharmacist","Loblaw Companies Limited","North Sydney, Nova Scotia, Canada",1,"$44.00 - $60.60","3 months ago","https://ca.linkedin.com/jobs/view/staff-pharmacist-at-loblaw-companies-limited-4434042233"
"Architect","EXP","Halifax, Nova Scotia, Canada",1,"","2 weeks ago","https://ca.linkedin.com/jobs/view/architect-at-exp-4400582198"
"Full Time Store Manager - Fran (Store#1437 Young and Kempt)","Pet Valu","Halifax, Nova Scotia, Canada",1,"","2 days ago","https://ca.linkedin.com/jobs/view/full-time-store-manager-fran-store%231437-young-and-kempt-at-pet-valu-4084261887"
"hairstylist","Feathers Brow and Hair Studio","Bedford, Nova Scotia, Canada",1,"","2 months ago","https://ca.linkedin.com/jobs/view/hairstylist-at-feathers-brow-and-hair-studio-4440972140"
"Store Manager","Dollarama","Bridgewater, Nova Scotia, Canada",1,"CA$20.47/hr - CA$22.51/hr","2 days ago","https://ca.linkedin.com/jobs/view/store-manager-at-dollarama-4473457433"
"Pharmacist","Loblaw Companies Limited","Amherst, Nova Scotia, Canada",1,"$50.15 - $64.90","3 months ago","https://ca.linkedin.com/jobs/view/pharmacist-at-loblaw-companies-limited-4437467447"
"Store Manager - Spencer's","Spencer's","Dieppe, New Brunswick, Canada",1,"$22.90 - $23.15 per hour","3 days ago","https://ca.linkedin.com/jobs/view/store-manager-spencer-s-at-spencer-s-4377070935"
"Pharmacist","Loblaw Companies Limited","Saint John, New Brunswick, Canada",1,"$50.15 - $64.90","1 month ago","https://ca.linkedin.com/jobs/view/pharmacist-at-loblaw-companies-limited-4463636778"
"Store Manager - Spencer's","Spencer's","Saint John, New Brunswick, Canada",1,"$22.90 - $23.15 per hour","4 days ago","https://ca.linkedin.com/jobs/view/store-manager-spencer-s-at-spencer-s-4377089114"
"Directeur de magasin","Loblaw Companies Limited","Caraquet, New Brunswick, Canada",1,"$55,000.00 - $75,000.00","3 months ago","https://ca.linkedin.com/jobs/view/directeur-de-magasin-at-loblaw-companies-limited-4434787114"
"electrician, industrial","Clover Leaf Seafoods","Blacks Harbour, New Brunswick, Canada",1,"","3 months ago","https://ca.linkedin.com/jobs/view/electrician-industrial-at-clover-leaf-seafoods-4436498868"
"Store Manager","Hot Topic","Dieppe, New Brunswick, Canada",1,"","2 months ago","https://ca.linkedin.com/jobs/view/store-manager-at-hot-topic-4438852922"
"Store Manager","Pet Valu","Saint John, New Brunswick, Canada",1,"","1 week ago","https://ca.linkedin.com/jobs/view/store-manager-at-pet-valu-4374621681"
"Manager, Business Tax - Atlantic","Deloitte","Moncton, New Brunswick, Canada",1,"$84,000 - $140,000,","2 weeks ago","https://ca.linkedin.com/jobs/view/manager-business-tax-atlantic-at-deloitte-4460505282"
"Manager, Business Tax - Atlantic","Deloitte","Saint John, New Brunswick, Canada",1,"$84,000 - $140,000,","2 weeks ago","https://ca.linkedin.com/jobs/view/manager-business-tax-atlantic-at-deloitte-4460507234"
"Team Leader","Dollarama","Dieppe, New Brunswick, Canada",1,"","2 weeks ago","https://ca.linkedin.com/jobs/view/team-leader-at-dollarama-4465960566"
"Store Manager","Dollarama","Greater St. John's Metropolitan Area",1,"CA$21.62/hr - CA$24.03/hr","2 days ago","https://ca.linkedin.com/jobs/view/store-manager-at-dollarama-4473467004"
"Business Development Representative","Verlo","Greater St. John's Metropolitan Area",1,"","1 month ago","https://ca.linkedin.com/jobs/view/business-development-representative-at-verlo-4452863717"
"Software Engineering Manager","Spellbook","Greater St. John's Metropolitan Area",1,"$50","2 weeks ago","https://ca.linkedin.com/jobs/view/software-engineering-manager-at-spellbook-4470242199"
"Sales Development Representative","Verlo","Greater St. John's Metropolitan Area",1,"","1 month ago","https://ca.linkedin.com/jobs/view/sales-development-representative-at-verlo-4452863712"
"Store Manager","Dollarama","Springdale, Newfoundland and Labrador, Canada",1,"CA$21.62/hr - CA$24.03/hr","2 days ago","https://ca.linkedin.com/jobs/view/store-manager-at-dollarama-4473448815"
"Manager, Business Tax - Atlantic","Deloitte","Greater St. John's Metropolitan Area",1,"$84,000 - $140,000,","2 weeks ago","https://ca.linkedin.com/jobs/view/manager-business-tax-atlantic-at-deloitte-4460510208"
"sales supervisor - retail","Great Canadian Dollar Store","Main Point, Newfoundland and Labrador, Canada",1,"","2 months ago","https://ca.linkedin.com/jobs/view/sales-supervisor-retail-at-great-canadian-dollar-store-4442446939"
"Merchandiser- Hourly Full Time","Shoppers Drug Mart","St John’s, Newfoundland and Labrador, Canada",1,"CA$16.35/yr - CA$17.95/yr","1 week ago","https://ca.linkedin.com/jobs/view/merchandiser-hourly-full-time-at-shoppers-drug-mart-4469485265"
"Associate Full Time Day","No Frills","Paradise, Newfoundland and Labrador, Canada",1,"$48,000.00 - $58,000.00","1 week ago","https://ca.linkedin.com/jobs/view/associate-full-time-day-at-no-frills-4471489655"
"Engineering Manager - AutoReview","CoLab","Greater St. John's Metropolitan Area",1,"$72","2 weeks ago","https://ca.linkedin.com/jobs/view/engineering-manager-autoreview-at-colab-4467651259"
"Store Manager","Dollarama","Charlottetown, Prince Edward Island, Canada",1,"CA$20.85/hr - CA$22.92/hr","2 days ago","https://ca.linkedin.com/jobs/view/store-manager-at-dollarama-4473449695"
"Retail Store Associate Full Time HomeSense – Smartcentres Charlottetown","TJX Canada – Winners, Marshalls, HomeSense","Charlottetown, Prince Edward Island, Canada",1,"$17.00-$21.25 / hour","1 week ago","https://ca.linkedin.com/jobs/view/retail-store-associate-full-time-homesense-%E2%80%93-smartcentres-charlottetown-at-tjx-canada-%E2%80%93-winners-marshalls-homesense-4471151626"
"Gérant de magasin","Dollarama","Charlottetown, Prince Edward Island, Canada",1,"CA$20.85/hr - CA$22.92/hr","3 days ago","https://ca.linkedin.com/jobs/view/g%C3%A9rant-de-magasin-at-dollarama-4475058534"
"Pharmacist Full Time (New Graduate)","Murphy's Pharmacies","Charlottetown, Prince Edward Island, Canada",1,"","12 months ago","https://ca.linkedin.com/jobs/view/pharmacist-full-time-new-graduate-at-murphy-s-pharmacies-4312606104"
"Full Time (CAN) Customer Service Manager","Walmart Canada","Charlottetown, Prince Edward Island, Canada",1,"CA$15.00/hr - CA$15.00/hr","6 days ago","https://ca.linkedin.com/jobs/view/full-time-can-customer-service-manager-at-walmart-canada-4473554709"
"Sales Associate| Charlottetown | Full Time | $17 per hour","Michael Hill","Charlottetown, Prince Edward Island, Canada",1,"","4 days ago","https://ca.linkedin.com/jobs/view/sales-associate-charlottetown-full-time-%2417-per-hour-at-michael-hill-4464829665"
"Assistant Store Manager","Michaels Stores","Charlottetown, Prince Edward Island, Canada",1,"$51,500.00 - $65,300.00","1 week ago","https://ca.linkedin.com/jobs/view/assistant-store-manager-at-michaels-stores-4470888955"
"Wireless Sales Representative","The Mobile Shop","Charlottetown, Prince Edward Island, Canada",1,"","1 month ago","https://ca.linkedin.com/jobs/view/wireless-sales-representative-at-the-mobile-shop-4455456482"
"Assistant Store Manager","Carters Inc.","Charlottetown, Prince Edward Island, Canada",1,"$18.70 - $25.00 per hour","3 days ago","https://ca.linkedin.com/jobs/view/assistant-store-manager-at-carters-inc-4466369206"
"Retail Sales Associate Full Time","PetSmart","Charlottetown, Prince Edward Island, Canada",1,"","1 year ago","https://ca.linkedin.com/jobs/view/retail-sales-associate-full-time-at-petsmart-4132739805"
"Merchandiser, Hourly Full Time Day","Shoppers Drug Mart","Whitehorse, Yukon Territory, Canada",1,"","1 month ago","https://ca.linkedin.com/jobs/view/merchandiser-hourly-full-time-day-at-shoppers-drug-mart-4461289073"
"Full Time General Clerk","Save-On-Foods","Whitehorse, Yukon Territory, Canada",1,"$18.51/hr","2 years ago","https://ca.linkedin.com/jobs/view/full-time-general-clerk-at-save-on-foods-4031913612"
"Pharmacist (Full-Time)","Loblaw Companies Limited","Whitehorse, Yukon Territory, Canada",1,"$58.65 - $75.90","4 months ago","https://ca.linkedin.com/jobs/view/pharmacist-full-time-at-loblaw-companies-limited-4415568104"
"Department Supervisor ( NOC 62010 )","Loblaw Companies Limited","Whitehorse, Yukon Territory, Canada",1,"$23.07 - $28.84 per hour","2 weeks ago","https://ca.linkedin.com/jobs/view/department-supervisor-noc-62010-at-loblaw-companies-limited-4414626524"
"Front Store Supervisor, Hourly Full Time Day","Shoppers Drug Mart","Whitehorse, Yukon Territory, Canada",1,"$26.68 - $26.69","2 months ago","https://ca.linkedin.com/jobs/view/front-store-supervisor-hourly-full-time-day-at-shoppers-drug-mart-4438875502"
"Department Head","Save-On-Foods","Whitehorse, Yukon Territory, Canada",1,"$28.00/hr","9 months ago","https://ca.linkedin.com/jobs/view/department-head-at-save-on-foods-3887681449"
"Retail Sales Supervisor","Staples Canada","Whitehorse, Yukon Territory, Canada",1,"$19.65/hr - $22.75/hr","1 week ago","https://ca.linkedin.com/jobs/view/retail-sales-supervisor-at-staples-canada-4473258827"
"Superviseur des ventes au détail","Staples Canada","Whitehorse, Yukon Territory, Canada",1,"$19.65/hr - $22.75/hr","6 days ago","https://ca.linkedin.com/jobs/view/superviseur-des-ventes-au-d%C3%A9tail-at-staples-canada-4473297660"
"kitchen helper","Raven Inn Whitehorse","Whitehorse, Yukon Territory, Canada",1,"","2 months ago","https://ca.linkedin.com/jobs/view/kitchen-helper-at-raven-inn-whitehorse-4446123233"
"Class 1 Roamer Driver - Great Wages $98,912.00 Guaranteed Year and a Sign-on Bonus!!","Manitoulin Transport","Whitehorse, Yukon Territory, Canada",1,"$98,912","4 days ago","https://ca.linkedin.com/jobs/view/class-1-roamer-driver-great-wages-%2498-912-00-guaranteed-year-and-a-sign-on-bonus%21%21-at-manitoulin-transport-4474525879"
"Lead Geomorphologist","WSP in Canada","Yellowknife, Northwest Territories, Canada",1,"$110,600 - $146,500","1 week ago","https://ca.linkedin.com/jobs/view/lead-geomorphologist-at-wsp-in-canada-4432786896"
"(CAN) General Merchandise Department Manager","Walmart Canada","Yellowknife, Northwest Territories, Canada",1,"$21.35","5 days ago","https://ca.linkedin.com/jobs/view/can-general-merchandise-department-manager-at-walmart-canada-4473926231"
"kitchen helper","Rickys Group of Family-Style Restaurants","Yellowknife, Northwest Territories, Canada",1,"","2 days ago","https://ca.linkedin.com/jobs/view/kitchen-helper-at-rickys-group-of-family-style-restaurants-4475339779"
"Retail Print & Services Supervisor","Staples Canada","Yellowknife, Northwest Territories, Canada",1,"","2 weeks ago","https://ca.linkedin.com/jobs/view/retail-print-services-supervisor-at-staples-canada-4466622907"
"Assoc Insurance Advisor","Co-operators","Yellowknife, Northwest Territories, Canada",1,"$43,550.00 to $72,583.00","2 weeks ago","https://ca.linkedin.com/jobs/view/assoc-insurance-advisor-at-co-operators-4424918282"
"Mechanic's Helper","Ledcor","Yellowknife, Northwest Territories, Canada",1,"","1 month ago","https://ca.linkedin.com/jobs/view/mechanic-s-helper-at-ledcor-4454325595"
"Ramp Attendant","Ledcor","Yellowknife, Northwest Territories, Canada",1,"","1 month ago","https://ca.linkedin.com/jobs/view/ramp-attendant-at-ledcor-4457537100"
"(CAN) Customer Service Manager","Walmart Canada","Yellowknife, Northwest Territories, Canada",1,"CA$15.00/hr - CA$15.00/hr","3 days ago","https://ca.linkedin.com/jobs/view/can-customer-service-manager-at-walmart-canada-4475052300"
"Staff Pharmacist","Shoppers Drug Mart","Yellowknife, Northwest Territories, Canada",1,"","3 weeks ago","https://ca.linkedin.com/jobs/view/staff-pharmacist-at-shoppers-drug-mart-4463226457"
"small engine technician","…","Yellowknife, Northwest Territories, Canada",1,"","2 weeks ago","https://ca.linkedin.com/jobs/view/small-engine-technician-at-%E2%80%A6-4470419291"
"Remote Site Technician - Rotational","Toromont Cat","Baker Lake, Nunavut, Canada",1,"$48.17","1 week ago","https://ca.linkedin.com/jobs/view/remote-site-technician-rotational-at-toromont-cat-4455340082"
"Store Manager","Northern/NorthMart","Iqaluit, Nunavut, Canada",1,"","1 week ago","https://ca.linkedin.com/jobs/view/store-manager-at-northern-northmart-4444782791"
"Registered Midwife","Government of Nunavut","Rankin Inlet, Nunavut, Canada",1,"$5,000","4 months ago","https://ca.linkedin.com/jobs/view/registered-midwife-at-government-of-nunavut-4416580445"
"Commercial Finance Manager","Dillon Consulting Limited","Iqaluit, Nunavut, Canada",1,"$500,000","6 days ago","https://ca.linkedin.com/jobs/view/commercial-finance-manager-at-dillon-consulting-limited-4464661179"
"Architect","Stantec","Iqaluit, Nunavut, Canada",1,"$102,600.00 - $153,900.00","1 month ago","https://ca.linkedin.com/jobs/view/architect-at-stantec-4467930769"
"Powerline Technician x2","Government of Nunavut","Cambridge Bay, Nunavut, Canada",1,"$121,763.20 to $142,251.20","3 months ago","https://ca.linkedin.com/jobs/view/powerline-technician-x2-at-government-of-nunavut-4428405199"
"Hamlet of Gjoa Haven - Director of Finance","Phelps","Gjoa Haven, Nunavut, Canada",1,"","2 weeks ago","https://ca.linkedin.com/jobs/view/hamlet-of-gjoa-haven-director-of-finance-at-phelps-4467752664"
"Senior Tax Specialist / Reviewer","Baker Tilly Canada","Iqaluit, Nunavut, Canada",1,"","21 hours ago","https://ca.linkedin.com/jobs/view/senior-tax-specialist-reviewer-at-baker-tilly-canada-4475861362"
"General Help","Aramark Canada","Iqaluit, Nunavut, Canada",1,"","1 week ago","https://ca.linkedin.com/jobs/view/general-help-at-aramark-canada-4471879424"
"Operations Manager","Synectics Inc.","Iqaluit, Nunavut, Canada",1,"$145,000","1 week ago","https://ca.linkedin.com/jobs/view/operations-manager-at-synectics-inc-4471755205"
