Job Title,Company,Location,Vacancies,Salary,Posted,URL,Logo URL
"Software Engineer, Intern (Summer 2027) - TOR","DoorDash","Toronto, Ontario, Canada",1,"$94,500","9 hours ago","https://ca.linkedin.com/jobs/view/software-engineer-intern-summer-2027-tor-at-doordash-4466147913","https://media.licdn.com/dms/image/v2/D4E0BAQFmucd42O03SQ/company-logo_100_100/B4EaCRrt8LKgAI-/0/1789150552100?e=2147483647&v=beta&t=yy_yJzQ5TLU7ois_gPkdOCwFnKSxOnDcp1hdbn0yEAc"
"Software Developer Intern, Backend (Summer 2027)","Robinhood","Toronto, Ontario, Canada",1,"$124","7 hours ago","https://ca.linkedin.com/jobs/view/software-developer-intern-backend-summer-2027-at-robinhood-4465203904","https://media.licdn.com/dms/image/v2/D4E0BAQESwNiGp2qYlA/company-logo_100_100/company-logo_100_100/0/1728574763254/robinhood_logo?e=2147483647&v=beta&t=x1L1S_s7Phh3oj-J3NKzHh8PkImOSq47WD-QrwCDcnI"
"Software Engineering Intern (Winter 2027)","Harvey","Toronto, Ontario, Canada",1,"$45/hr","3 days ago","https://ca.linkedin.com/jobs/view/software-engineering-intern-winter-2027-at-harvey-4473381332","https://media.licdn.com/dms/image/v2/D4E0BAQEkyRHeFI9sdA/company-logo_100_100/company-logo_100_100/0/1727880962073/harvey_ai_logo?e=2147483647&v=beta&t=R7mvs4pnZdMKwptao13miPBqtpVCfbaFHNdv9gf4DAY"
"Student Intern, Web Cloud Solutions","Celestica","Toronto, Ontario, Canada",1,"$24.00-30.00","2 weeks ago","https://ca.linkedin.com/jobs/view/student-intern-web-cloud-solutions-at-celestica-4467114282","https://media.licdn.com/dms/image/v2/D560BAQEAi-LXzTkprg/company-logo_100_100/B56ZybRJlAGwAQ-/0/1772131490444/celestica_logo?e=2147483647&v=beta&t=eSmG4VaFNUl7ffAwqKegI9CJqW23Y4Juj2wVHDPyZjw"
"New Grad Tech Development Program – Software Development & Cloud Stream","Intact","Toronto, Ontario, Canada",1,"","1 week ago","https://ca.linkedin.com/jobs/view/new-grad-tech-development-program-%E2%80%93-software-development-cloud-stream-at-intact-4471539133","https://media.licdn.com/dms/image/v2/D4E0BAQGa4yoMnJYW2Q/company-logo_100_100/B4EZjS4GnEHEAQ-/0/1755884579607/intact_logo?e=2147483647&v=beta&t=Dsu3kdZULhIachqBup3vkkYgogRDMXLw7ZeaUssd8jw"
"Software Developer Intern/Co-op, Backend (Winter 2027)","Robinhood","Toronto, Ontario, Canada",1,"$124","3 weeks ago","https://ca.linkedin.com/jobs/view/software-developer-intern-co-op-backend-winter-2027-at-robinhood-4465207874","https://media.licdn.com/dms/image/v2/D4E0BAQESwNiGp2qYlA/company-logo_100_100/company-logo_100_100/0/1728574763254/robinhood_logo?e=2147483647&v=beta&t=x1L1S_s7Phh3oj-J3NKzHh8PkImOSq47WD-QrwCDcnI"
"Data Engineer Intern (Summer 2027)","Lyft","Toronto, Ontario, Canada",1,"$40","3 days ago","https://ca.linkedin.com/jobs/view/data-engineer-intern-summer-2027-at-lyft-4466349428","https://media.licdn.com/dms/image/v2/D4E0BAQG5JWwh4GET8A/company-logo_100_100/B4EZdbVQ6oHcAY-/0/1749583990773/lyft_logo?e=2147483647&v=beta&t=5hIoix-V3_NktgM4erkYl0fJoPBPioib_im1H2xWL7k"
"Intern Developer, Back End Technologies","Kinaxis","Ottawa, Ontario, Canada",1,"$25.24 - $37.02","1 week ago","https://ca.linkedin.com/jobs/view/intern-developer-back-end-technologies-at-kinaxis-4472219668","https://media.licdn.com/dms/image/v2/D560BAQHPxAih-jGbCA/company-logo_100_100/company-logo_100_100/0/1711628731307/kinaxis_logo?e=2147483647&v=beta&t=YdJqRs1uCEhcc31L1TPvTLTad8DbZcALdPMVLWt_IN4"
"Intern, Backend Software Engineer - Team Interstellar - Winter 2027","Capital One","Toronto, Ontario, Canada",1,"$33.33 to $48.72","2 weeks ago","https://ca.linkedin.com/jobs/view/intern-backend-software-engineer-team-interstellar-winter-2027-at-capital-one-4470445230","https://media.licdn.com/dms/image/v2/C560BAQF0OgQyRZ9yAA/company-logo_100_100/company-logo_100_100/0/1635782718446/capital_one_logo?e=2147483647&v=beta&t=3vOvEagCN6Oz8iNwzA1s1AyoVUy5mbl-0M0gQjeiKvs"
"Software Engineering Intern - Summer 2027","Superhuman","Toronto, Ontario, Canada",1,"CA$50.00/hr - CA$50.00/hr","3 hours ago","https://ca.linkedin.com/jobs/view/software-engineering-intern-summer-2027-at-superhuman-4465259298","https://media.licdn.com/dms/image/v2/D4D0BAQG4HcqozYIPQw/company-logo_100_100/B4DaCILX2nKoAI-/0/1788991078192/superhumanhq_logo?e=2147483647&v=beta&t=ahZoWMB3rH-cMvUOWtnEtLX5JHqHPv9gY0V_AEXdRLc"
"Backend Developer Intern, Winter 2027","Coveo","Québec, Quebec, Canada",1,"","1 week ago","https://ca.linkedin.com/jobs/view/backend-developer-intern-winter-2027-at-coveo-4473025031","https://media.licdn.com/dms/image/v2/D4E0BAQHeIXrBdjsGOg/company-logo_100_100/company-logo_100_100/0/1715359145432/coveo_logo?e=2147483647&v=beta&t=cSdv6uON8arnfZvwGBQRLThNi7fQsj0_EbUn6sXLucw"
"Consultant, Software Delivery Developer - Gen AI and AI-Accelerated Modernization","KPMG Canada","Québec, Quebec, Canada",1,"","1 week ago","https://ca.linkedin.com/jobs/view/consultant-software-delivery-developer-gen-ai-and-ai-accelerated-modernization-at-kpmg-canada-4462115500","https://media.licdn.com/dms/image/v2/C560BAQEtewkboWYBMA/company-logo_100_100/company-logo_100_100/0/1660746559659/kpmg_canada_logo?e=2147483647&v=beta&t=ALYrEurOyCfkdH3_G1nJ0dKTVUBWXjBUYKZbnoyx0rE"
"Développeur(euse) logiciel Back-End / DevOps","Mirego","Québec, Quebec, Canada",1,"","18 hours ago","https://ca.linkedin.com/jobs/view/d%C3%A9veloppeur-euse-logiciel-back-end-devops-at-mirego-4475897613","https://media.licdn.com/dms/image/v2/D4E0BAQH5Zg8gGP7tWA/company-logo_100_100/company-logo_100_100/0/1705420689711/mirego_logo?e=2147483647&v=beta&t=rLkDlO6pUdjUQjKb8mQPHUD5Mo-nBvjgkS9kLzPS1OQ"
"Software Developer Intern (Solutions Engineering Core Team), Winter 2027","Coveo","Québec, Quebec, Canada",1,"","2 hours ago","https://ca.linkedin.com/jobs/view/software-developer-intern-solutions-engineering-core-team-winter-2027-at-coveo-4476315892","https://media.licdn.com/dms/image/v2/D4E0BAQHeIXrBdjsGOg/company-logo_100_100/company-logo_100_100/0/1715359145432/coveo_logo?e=2147483647&v=beta&t=cSdv6uON8arnfZvwGBQRLThNi7fQsj0_EbUn6sXLucw"
"Co-op/ Intern Site Reliability Engineer","Kinaxis","Québec, Quebec, Canada",1,"$27.04 - $39.66","1 week ago","https://ca.linkedin.com/jobs/view/co-op-intern-site-reliability-engineer-at-kinaxis-4462889469","https://media.licdn.com/dms/image/v2/D560BAQHPxAih-jGbCA/company-logo_100_100/company-logo_100_100/0/1711628731307/kinaxis_logo?e=2147483647&v=beta&t=YdJqRs1uCEhcc31L1TPvTLTad8DbZcALdPMVLWt_IN4"
"Développeur(euse) logiciel / Software Developer - Cloud (Edge OS)","Genetec","Québec, Quebec, Canada",1,"","2 months ago","https://ca.linkedin.com/jobs/view/d%C3%A9veloppeur-euse-logiciel-software-developer-cloud-edge-os-at-genetec-4454095613","https://media.licdn.com/dms/image/v2/C560BAQFENrnXj8EutA/company-logo_100_100/company-logo_100_100/0/1673467629906/genetec_logo?e=2147483647&v=beta&t=eic0KX1BgTAn-XvhZk9xW_WcbFiNoAiSEyGPVnOyLqM"
"Backend Software Engineer (junior)","Teumo Health Technologies Inc.","Vancouver, British Columbia, Canada",1,"","23 hours ago","https://ca.linkedin.com/jobs/view/backend-software-engineer-junior-at-teumo-health-technologies-inc-4473376775","https://media.licdn.com/dms/image/v2/D560BAQEogbqwPWYbNg/company-logo_100_100/B56Z6uEP2SJMAI-/0/1781036809862/teumo_health_technologies_inc_logo?e=2147483647&v=beta&t=x1o5tDi75eFxIJ2kLChFxAosIZEZkopAX3-3OdpVz1U"
"Senior Backend Engineer (.NET)","Comm100","Vancouver, British Columbia, Canada",1,"CA$105,000.00/yr - CA$140,000.00/yr","3 weeks ago","https://ca.linkedin.com/jobs/view/senior-backend-engineer-net-at-comm100-4465392173","https://media.licdn.com/dms/image/v2/C560BAQFo_Gb0IuWm9Q/company-logo_100_100/company-logo_100_100/0/1650446654903/comm100_network_corporation_logo?e=2147483647&v=beta&t=a4_pnWtwz_d7c2ePfGwrzFgFWq7OfFizt-dwZ5TkcJQ"
"Software Engineer Intern - QuantumBlack, AI by McKinsey at McKinsey & Company","UCI-OC Alliance","Engineer, British Columbia, Canada",1,"","2 days ago","https://ca.linkedin.com/jobs/view/software-engineer-intern-quantumblack-ai-by-mckinsey-at-mckinsey-company-at-uci-oc-alliance-4475365669","https://media.licdn.com/dms/image/v2/D560BAQH2xZi82eq89w/company-logo_100_100/company-logo_100_100/0/1724107476010?e=2147483647&v=beta&t=jN5Ss1gYy11Q3OMX8WT-LpyaIywgpP74PO8inIvilx8"
"Software Developer (Co-op)","Corpay","Vancouver, British Columbia, Canada",1,"","2 weeks ago","https://ca.linkedin.com/jobs/view/software-developer-co-op-at-corpay-4192183195","https://media.licdn.com/dms/image/v2/D4E0BAQEtx-d7Z19p5w/company-logo_100_100/B4EaAAizXpH8AQ-/0/1786715518668/corpay_logo?e=2147483647&v=beta&t=HJGdfis65Lc-Rj5Gbi3zOronDeSvpkmrUW4m56i9SQo"
"Software Development Engineer Intern - Summer 2027 (CAN)","Amazon","Vancouver, British Columbia, Canada",1,"","2 weeks ago","https://ca.linkedin.com/jobs/view/software-development-engineer-intern-summer-2027-can-at-amazon-4469276159","https://media.licdn.com/dms/image/v2/D560BAQGDLy4STCnHbg/company-logo_100_100/B56ZnZxDipI0AQ-/0/1760295142304/amazon_logo?e=2147483647&v=beta&t=qIUP7OofXIuuuVACb5ToeWH9PHXrPYsS8jsTZ3Q0sUg"
"AI Engineer Intern","Electronic Arts (EA)","Vancouver, British Columbia, Canada",1,"$65,000 - $70,000","1 week ago","https://ca.linkedin.com/jobs/view/ai-engineer-intern-at-electronic-arts-ea-4471239257","https://media.licdn.com/dms/image/v2/D4E0BAQGQxdnYoe0DZQ/company-logo_100_100/B4EZVJmsPmGgAU-/0/1740696634652/electronic_arts_logo?e=2147483647&v=beta&t=aUSc5xUdEi0uvicW_51Yh57I0XlpCbeIdARV5VNrCs8"
"Software Engineer Intern","Electronic Arts (EA)","Vancouver, British Columbia, Canada",1,"$65,000 - $70,000","5 days ago","https://ca.linkedin.com/jobs/view/software-engineer-intern-at-electronic-arts-ea-4472633651","https://media.licdn.com/dms/image/v2/D4E0BAQGQxdnYoe0DZQ/company-logo_100_100/B4EZVJmsPmGgAU-/0/1740696634652/electronic_arts_logo?e=2147483647&v=beta&t=aUSc5xUdEi0uvicW_51Yh57I0XlpCbeIdARV5VNrCs8"
"Software Developer (Cloud Infrastructure) – Co-Op","Apera AI","Vancouver, British Columbia, Canada",1,"$3,600 to $4,500 per month","19 hours ago","https://ca.linkedin.com/jobs/view/software-developer-cloud-infrastructure-%E2%80%93-co-op-at-apera-ai-4475886694","https://media.licdn.com/dms/image/v2/D560BAQHX-JaTv-c3LQ/company-logo_100_100/B56Z2DHQJBIcAQ-/0/1776021210033/aperaai_logo?e=2147483647&v=beta&t=T7ARd-JkddayyJ2khw7vowCSwJZxxSlIUicua5jrz5c"
"Co-op Student, Cybersecurity Identity Analyst","WorkSafeBC","Richmond, British Columbia, Canada",1,"$26.82/hour","20 hours ago","https://ca.linkedin.com/jobs/view/co-op-student-cybersecurity-identity-analyst-at-worksafebc-4475869726","https://media.licdn.com/dms/image/v2/D560BAQH7M3JVElD2HQ/company-logo_100_100/company-logo_100_100/0/1720540665614/worksafebc_logo?e=2147483647&v=beta&t=LKQuANh5Nzcbdkk_ME0-NgiONm0WNl5_wlL9v3qhs3o"
"Software Engineer – Master’s New Grad / Bachelor’s + 2–3 Years Experience","Nutanix","Vancouver, British Columbia, Canada",1,"$ 103,000","1 week ago","https://ca.linkedin.com/jobs/view/software-engineer-%E2%80%93-master%E2%80%99s-new-grad-bachelor%E2%80%99s-%2B-2%E2%80%933-years-experience-at-nutanix-4472218130","https://media.licdn.com/dms/image/v2/D560BAQGxu4702VlEFQ/company-logo_100_100/company-logo_100_100/0/1680526828152/nutanix_logo?e=2147483647&v=beta&t=iHj5yJPXMhu2vkms01KeVRly-cQGbf3XN01-W6nTKzk"
"Software Developer Intern (Enterprise Applications)","Pason","Calgary, Alberta, Canada",1,"","2 weeks ago","https://ca.linkedin.com/jobs/view/software-developer-intern-enterprise-applications-at-pason-4468166314","https://media.licdn.com/dms/image/v2/C510BAQEBoHRhFZn1Tg/company-logo_100_100/company-logo_100_100/0/1631324760247?e=2147483647&v=beta&t=PyaHdYYkNeVxyOQ9IWHlV6uvCSJvL0-wDVONP-1VsRs"
"Software Developer Intern (Rigsite)","Pason","Calgary, Alberta, Canada",1,"","2 weeks ago","https://ca.linkedin.com/jobs/view/software-developer-intern-rigsite-at-pason-4468173547","https://media.licdn.com/dms/image/v2/C510BAQEBoHRhFZn1Tg/company-logo_100_100/company-logo_100_100/0/1631324760247?e=2147483647&v=beta&t=PyaHdYYkNeVxyOQ9IWHlV6uvCSJvL0-wDVONP-1VsRs"
"Cloud Platform Engineering Intern","People Inc.","Greater Edmonton Metropolitan Area",1,"","6 days ago","https://ca.linkedin.com/jobs/view/cloud-platform-engineering-intern-at-people-inc-4473534572","https://media.licdn.com/dms/image/v2/D4E0BAQGxRZWV4iXIIQ/company-logo_100_100/B4EZhggDq_HoAU-/0/1753965673419/people_inc_co_logo?e=2147483647&v=beta&t=MynMdh4Rt1jOlMqig7-SGfQuNTFxWzyyIbhqDTUoqUw"
"Data Services Co-op Student","ARC Resources Ltd.","Calgary, Alberta, Canada",1,"","2 weeks ago","https://ca.linkedin.com/jobs/view/data-services-co-op-student-at-arc-resources-ltd-4469200458","https://media.licdn.com/dms/image/v2/C560BAQGIoSBzkYZ9eA/company-logo_100_100/company-logo_100_100/0/1636483099788/arc_resources_ltd__logo?e=2147483647&v=beta&t=lTudV6kfLNDB9dvkdhEi-gqDiDKmDAow-kUTSFLozEc"
"AltaGas - 2027 Digital (NextGen AI & Data) Intern","AltaGas Ltd.","Calgary, Alberta, Canada",1,"","14 hours ago","https://ca.linkedin.com/jobs/view/altagas-2027-digital-nextgen-ai-data-intern-at-altagas-ltd-4474652979","https://media.licdn.com/dms/image/v2/D560BAQGaSf4UVDQInA/company-logo_100_100/B56ZbV3bN9H0AQ-/0/1747344798853/altagas_logo?e=2147483647&v=beta&t=_aIiYSWL-7sPmaRR4q1efRpr1S6XAOVfqy6cdmMbwdo"
"Software Developer I","CATALIS","Edmonton, Alberta, Canada",1,"","3 months ago","https://ca.linkedin.com/jobs/view/software-developer-i-at-catalis-4433098245","https://media.licdn.com/dms/image/v2/C4E0BAQFvE81BhkBGBQ/company-logo_100_100/company-logo_100_100/0/1661877115461/catalisgov_logo?e=2147483647&v=beta&t=bJCjsS8hBMnGPI0f5UML4Mj90yMqAsLLO0t_CvocmaQ"
"Student Software Developer - Spring 2027","AbaData","Calgary, Alberta, Canada",1,"","1 week ago","https://ca.linkedin.com/jobs/view/student-software-developer-spring-2027-at-abadata-4470630124","https://media.licdn.com/dms/image/v2/D560BAQGet18SPgpmGw/company-logo_100_100/B56ZXYkoVeHoAY-/0/1743095236427/abadata_logo?e=2147483647&v=beta&t=68wkcJ0MoIPnlCjEGAqUciM-p4TBzHPBFhFgD8Y43P4"
"Co-op or Intern, Data & Analytics (January 2027)","BDO Canada","Calgary, Alberta, Canada",1,"$53,000-$78,000","2 weeks ago","https://ca.linkedin.com/jobs/view/co-op-or-intern-data-analytics-january-2027-at-bdo-canada-4465917822","https://media.licdn.com/dms/image/v2/D560BAQGrPg1K1KkuJA/company-logo_100_100/B56ZlZDZ1fI4AY-/0/1758135688814/bdo_canada_logo?e=2147483647&v=beta&t=dTLZyLhKyMsxVf2hHEabKY7RXg9XLjiwHEwd702Qf4A"
"Co-op/ Intern Site Reliability Engineer","Kinaxis","Calgary, Alberta, Canada",1,"$27.04 - $39.66","1 week ago","https://ca.linkedin.com/jobs/view/co-op-intern-site-reliability-engineer-at-kinaxis-4463102319","https://media.licdn.com/dms/image/v2/D560BAQHPxAih-jGbCA/company-logo_100_100/company-logo_100_100/0/1711628731307/kinaxis_logo?e=2147483647&v=beta&t=YdJqRs1uCEhcc31L1TPvTLTad8DbZcALdPMVLWt_IN4"
"Senior Software Engineer, Backend (Lake Analytics Platform)","Affirm","Winnipeg, Manitoba, Canada",1,"$153,000 - 213,000","1 day ago","https://ca.linkedin.com/jobs/view/senior-software-engineer-backend-lake-analytics-platform-at-affirm-4438386555","https://media.licdn.com/dms/image/v2/C560BAQEHSbORvS_jKg/company-logo_100_100/company-logo_100_100/0/1630665839795/affirm_logo?e=2147483647&v=beta&t=DTdnXfvSnUdk2QDzx2pxLSTqSBNcll6e2T8YQQGRHEk"
"Senior Software Engineer, backend (Online Storage)","Affirm","Winnipeg, Manitoba, Canada",1,"$153,000 - 213,000","5 days ago","https://ca.linkedin.com/jobs/view/senior-software-engineer-backend-online-storage-at-affirm-4472386010","https://media.licdn.com/dms/image/v2/C560BAQEHSbORvS_jKg/company-logo_100_100/company-logo_100_100/0/1630665839795/affirm_logo?e=2147483647&v=beta&t=DTdnXfvSnUdk2QDzx2pxLSTqSBNcll6e2T8YQQGRHEk"
"Principal Software Developer - Databases","Autodesk","Winnipeg, Manitoba, Canada",1,"$131,000","1 week ago","https://ca.linkedin.com/jobs/view/principal-software-developer-databases-at-autodesk-4469676722","https://media.licdn.com/dms/image/v2/D560BAQGrSi2UOCdL5g/company-logo_100_100/company-logo_100_100/0/1719952472030/autodesk_logo?e=2147483647&v=beta&t=ejv20VZdhB7hf_u0Lk3oSEZZ9gfuIp9MWUH0ilyn5zs"
"Programmer Analyst 1","City of Winnipeg","Winnipeg, Manitoba, Canada",1,"$ 1,983.90 -$ 2,456.48","1 week ago","https://ca.linkedin.com/jobs/view/programmer-analyst-1-at-city-of-winnipeg-4470969263","https://media.licdn.com/dms/image/v2/D4D0BAQFKZCM5TW9LFg/company-logo_100_100/B4DZ6uFDIjGwAI-/0/1781037020054/city_of_winnipeg_logo?e=2147483647&v=beta&t=rOdA_x1OMhr2JUhJNwne3vGLsPEbd0s4LozuErQ5-qo"
"Full Stack Developer (Winnipeg, MB Hybrid)","UnionWare","Winnipeg, Manitoba, Canada",1,"","2 weeks ago","https://ca.linkedin.com/jobs/view/full-stack-developer-winnipeg-mb-hybrid-at-unionware-4449013810","https://media.licdn.com/dms/image/v2/C560BAQEOKjCDY6RHHg/company-logo_100_100/company-logo_100_100/0/1631317927687?e=2147483647&v=beta&t=WVPU2uSUXizYak7_1AhV23auE_dYrExKQ4zt5d5mb3E"
"Senior Backend Software Developer (12 Month, Contract)","The Dufresne Group","Winnipeg, Manitoba, Canada",1,"","2 months ago","https://ca.linkedin.com/jobs/view/senior-backend-software-developer-12-month-contract-at-the-dufresne-group-4447216565","https://media.licdn.com/dms/image/v2/C4D0BAQFCYuNhJ_LYwA/company-logo_100_100/company-logo_100_100/0/1630542728273/the_dufresne_group_logo?e=2147483647&v=beta&t=2nGjhgSPuUOV-2HgHub976ws0nhFogTE3KCDGYDVOZw"
"Student Automation Analyst","Bird Construction","Winnipeg, Manitoba, Canada",1,"","6 days ago","https://ca.linkedin.com/jobs/view/student-automation-analyst-at-bird-construction-4473299867","https://media.licdn.com/dms/image/v2/D560BAQF3a2UVW1QbSA/company-logo_100_100/B56ZaxNOE2GsAU-/0/1746729755231/bird_construction_inc_logo?e=2147483647&v=beta&t=4BJMn-G2qEtxBJlMWYOZDqAB4kxtjULitbVuThVLg7A"
"Developer","TAG Software Group","Winnipeg, Manitoba, Canada",1,"","1 week ago","https://ca.linkedin.com/jobs/view/developer-at-tag-software-group-4453111357","https://media.licdn.com/dms/image/v2/D4E0BAQH8uzApUluBgw/company-logo_100_100/B4EZmplEF8GUAU-/0/1759486690227/tag_software_group_logo?e=2147483647&v=beta&t=VPpFH4NpLW1jjjXVKgUYzIeBn-EWQRYEPO3UaoB1Dck"
"Software Developer, Hydronics","Price Industries","Winnipeg, Manitoba, Canada",1,"$300 per year","3 months ago","https://ca.linkedin.com/jobs/view/software-developer-hydronics-at-price-industries-4433266620","https://media.licdn.com/dms/image/v2/C4D0BAQEUnirpyqsATQ/company-logo_100_100/company-logo_100_100/0/1631351784228?e=2147483647&v=beta&t=PpNMcT09BHdqM-P32afinKTAOSz28JvVcRuDPxNUTOw"
"Senior Software Engineer, Backend (Lake Analytics Platform)","Affirm","Saskatoon, Saskatchewan, Canada",1,"$153,000 - 213,000","2 days ago","https://ca.linkedin.com/jobs/view/senior-software-engineer-backend-lake-analytics-platform-at-affirm-4438382686","https://media.licdn.com/dms/image/v2/C560BAQEHSbORvS_jKg/company-logo_100_100/company-logo_100_100/0/1630665839795/affirm_logo?e=2147483647&v=beta&t=DTdnXfvSnUdk2QDzx2pxLSTqSBNcll6e2T8YQQGRHEk"
"Senior Software Engineer, Backend (Lake Analytics Platform)","Affirm","Regina, Saskatchewan, Canada",1,"$153,000 - 213,000","1 day ago","https://ca.linkedin.com/jobs/view/senior-software-engineer-backend-lake-analytics-platform-at-affirm-4438393392","https://media.licdn.com/dms/image/v2/C560BAQEHSbORvS_jKg/company-logo_100_100/company-logo_100_100/0/1630665839795/affirm_logo?e=2147483647&v=beta&t=DTdnXfvSnUdk2QDzx2pxLSTqSBNcll6e2T8YQQGRHEk"
"Programmer Analyst (IT Application)","Saskatchewan Liquor and Gaming Authority","Regina, Saskatchewan, Canada",1,"$31.57 – $40.16 per hour","6 days ago","https://ca.linkedin.com/jobs/view/programmer-analyst-it-application-at-saskatchewan-liquor-and-gaming-authority-4472317370","https://media.licdn.com/dms/image/v2/D4E0BAQEkFK0ZXAhmGg/company-logo_100_100/company-logo_100_100/0/1685474797713/saskatchewan_liquor_and_gaming_authority_logo?e=2147483647&v=beta&t=V1Bf7nEevY9kpc0G_HljBQhBdbATo9m85KdAql7ttF4"
"Software Engineer Intern","CNH","Regina, Saskatchewan, Canada",1,"$22.66 - $31.93","5 days ago","https://ca.linkedin.com/jobs/view/software-engineer-intern-at-cnh-4465042501","https://media.licdn.com/dms/image/v2/D4E0BAQFU5aQO0F9HeQ/company-logo_100_100/company-logo_100_100/0/1704204383157/cnh_logo?e=2147483647&v=beta&t=vyBB3XmduuBlr-WCMTBpTWD43Yx3PDjR0_1qmdPXr34"
"IT Application Analyst","Bunge","Regina, Saskatchewan, Canada",1,"","3 hours ago","https://ca.linkedin.com/jobs/view/it-application-analyst-at-bunge-4467422494","https://media.licdn.com/dms/image/v2/D560BAQFJQ0GVco3UXw/company-logo_100_100/company-logo_100_100/0/1720012233520/bunge_logo?e=2147483647&v=beta&t=zYtS2MhHaIkcyYdfk-saWONExz0HOilQbZn7QSb6b18"
"Sr. Software Developer (Full Stack)","Nutrien","Saskatoon, Saskatchewan, Canada",1,"","3 weeks ago","https://ca.linkedin.com/jobs/view/sr-software-developer-full-stack-at-nutrien-4463930087","https://media.licdn.com/dms/image/v2/D560BAQFM7s_o3swY_Q/company-logo_100_100/B56ZcTWdnMHoAQ-/0/1748376346307/nutrien_logo?e=2147483647&v=beta&t=zKygJq9ikHbwoWtFNmRigg5WQATKs1mifSurGeWcY9s"
"Principal Software Developer - Databases","Autodesk","Saskatchewan, Canada",1,"$131,000","1 week ago","https://ca.linkedin.com/jobs/view/principal-software-developer-databases-at-autodesk-4469692037","https://media.licdn.com/dms/image/v2/D560BAQGrSi2UOCdL5g/company-logo_100_100/company-logo_100_100/0/1719952472030/autodesk_logo?e=2147483647&v=beta&t=ejv20VZdhB7hf_u0Lk3oSEZZ9gfuIp9MWUH0ilyn5zs"
"Intermediate Software Developer","Quarterhill Inc.","Saskatoon, Saskatchewan, Canada",1,"","2 weeks ago","https://ca.linkedin.com/jobs/view/intermediate-software-developer-at-quarterhill-inc-4450592125","https://media.licdn.com/dms/image/v2/D560BAQH3Y2TRfod28Q/company-logo_100_100/B56aDusVJjKIAQ-/0/1790710993786/quarterhill_inc_logo?e=2147483647&v=beta&t=btYz_AMbklitb8pjPG2pi7iddYMe3Wffaz8K48j7ILM"
"Student, IT","FCC / FAC","Regina, Saskatchewan, Canada",1,"$44,960 - $64,890","2 weeks ago","https://ca.linkedin.com/jobs/view/student-it-at-fcc-fac-4467923437","https://media.licdn.com/dms/image/v2/D4E0BAQE2V9dgT0MK2A/company-logo_100_100/B4EZ.Lsw0VH8AQ-/0/1784755195575/fcc_fac_logo?e=2147483647&v=beta&t=ruOoMqoaq5q7_rTU-nf-WCzB8h2qdIopAa9D6Z_ERmI"
"Modern Data Stack Engineer Consultant / Senior Consultant","Deloitte","Regina, Saskatchewan, Canada",1,"$58,000 - $102,000,","2 weeks ago","https://ca.linkedin.com/jobs/view/modern-data-stack-engineer-consultant-senior-consultant-at-deloitte-4469173130","https://media.licdn.com/dms/image/v2/C560BAQGNtpblgQpJoQ/company-logo_100_100/company-logo_100_100/0/1662120928214/deloitte_logo?e=2147483647&v=beta&t=OSF8M5LreT0Sf2F-JcNk6XMT0ArCuPfDmRR-knCC4HY"
"IT Data Developer - Student","The Seaboard Transport Group","Dartmouth, Nova Scotia, Canada",1,"","2 weeks ago","https://ca.linkedin.com/jobs/view/it-data-developer-student-at-the-seaboard-transport-group-4470457281","https://media.licdn.com/dms/image/v2/C4E0BAQGrXqfa85Xvhg/company-logo_100_100/company-logo_100_100/0/1630598980755/seaboardtransportgroup_logo?e=2147483647&v=beta&t=JPcX-tCdf0Ks9OhftpklBszDKtFpWiFWqKzbl3W9tL4"
"Winter 2027 Co-op - Software Developer - CMS 330 Product Team","Lockheed Martin","Dartmouth, Nova Scotia, Canada",1,"","3 weeks ago","https://ca.linkedin.com/jobs/view/winter-2027-co-op-software-developer-cms-330-product-team-at-lockheed-martin-4463991302","https://media.licdn.com/dms/image/v2/D4E0BAQFfhIU3MsjxGA/company-logo_100_100/B4EaCh267gH4AI-/0/1789421924285/lockheed_martin_logo?e=2147483647&v=beta&t=_cafOpklGaVAnXXbLthlHHlvWAx_F1h46GBA6AFLOsI"
"Winter 2027 Co-op - DevSecOps Developer - RCD","Lockheed Martin","Dartmouth, Nova Scotia, Canada",1,"","4 weeks ago","https://ca.linkedin.com/jobs/view/winter-2027-co-op-devsecops-developer-rcd-at-lockheed-martin-4462518268","https://media.licdn.com/dms/image/v2/D4E0BAQFfhIU3MsjxGA/company-logo_100_100/B4EaCh267gH4AI-/0/1789421924285/lockheed_martin_logo?e=2147483647&v=beta&t=_cafOpklGaVAnXXbLthlHHlvWAx_F1h46GBA6AFLOsI"
"Co-op or Intern, Data & Analytics (January 2027)","BDO Canada","Halifax, Nova Scotia, Canada",1,"$53,000-$78,000","2 weeks ago","https://ca.linkedin.com/jobs/view/co-op-or-intern-data-analytics-january-2027-at-bdo-canada-4465912784","https://media.licdn.com/dms/image/v2/D560BAQGrPg1K1KkuJA/company-logo_100_100/B56ZlZDZ1fI4AY-/0/1758135688814/bdo_canada_logo?e=2147483647&v=beta&t=dTLZyLhKyMsxVf2hHEabKY7RXg9XLjiwHEwd702Qf4A"
"Co-op/ Intern Site Reliability Engineer","Kinaxis","Halifax, Nova Scotia, Canada",1,"$27.04 - $39.66","1 week ago","https://ca.linkedin.com/jobs/view/co-op-intern-site-reliability-engineer-at-kinaxis-4462883881","https://media.licdn.com/dms/image/v2/D560BAQHPxAih-jGbCA/company-logo_100_100/company-logo_100_100/0/1711628731307/kinaxis_logo?e=2147483647&v=beta&t=YdJqRs1uCEhcc31L1TPvTLTad8DbZcALdPMVLWt_IN4"
"Software Developer Full Stack / Backend I (Co-op) - Canada","Cisco","Halifax, Nova Scotia, Canada",1,"$44,000.00 - $185,000.00","4 days ago","https://ca.linkedin.com/jobs/view/software-developer-full-stack-backend-i-co-op-canada-at-cisco-4474543069","https://media.licdn.com/dms/image/v2/D560BAQFYnR_Zrm87Dg/company-logo_100_100/B56ZnMyVr4HUAQ-/0/1760077372453/cisco_logo?e=2147483647&v=beta&t=-FnJBwOSzJBs2mZI3Vt8hsrLNZhBuwEXpMas5hClACE"
"Junior Software Engineer","FDM Group","Halifax, Nova Scotia, Canada",1,"$18.35/hour","1 week ago","https://ca.linkedin.com/jobs/view/junior-software-engineer-at-fdm-group-4473020097","https://media.licdn.com/dms/image/v2/D4E0BAQGZ0w2M25W2_A/company-logo_100_100/company-logo_100_100/0/1711369055228/fdm_group_logo?e=2147483647&v=beta&t=p5fPOYURF6KVTR9Iijo25yylU9XRAEzVqxnMTrvj3Jg"
"Senior .Net Developer (Mongo DB) (Open for remote)","Cognizant","Halifax, Nova Scotia, Canada",1,"$60,000","2 weeks ago","https://ca.linkedin.com/jobs/view/senior-net-developer-mongo-db-open-for-remote-at-cognizant-4466881277","https://media.licdn.com/dms/image/v2/D4E0BAQFZH4svu5BTZA/company-logo_100_100/B4EZk_EfNgHgAU-/0/1757699778309/cognizant_logo?e=2147483647&v=beta&t=pEIgD9-D_EFoL3rsreK0H2EZEcsXWdZSN64-dV7VrSU"
"Security Analyst Student - Winter 2027","J.D. Irving, Limited","Saint John, New Brunswick, Canada",1,"","1 week ago","https://ca.linkedin.com/jobs/view/security-analyst-student-winter-2027-at-j-d-irving-limited-4471134273","https://media.licdn.com/dms/image/v2/C560BAQFonAlPcPGJWA/company-logo_100_100/company-logo_100_100/0/1679667188660/jd_irving_logo?e=2147483647&v=beta&t=Bnc2ML1SK7bpyEV6olzktVy5wLvdzd_NZA78-UeY7CU"
"Network Analyst Student - Winter 2027","J.D. Irving, Limited","Saint John, New Brunswick, Canada",1,"","1 week ago","https://ca.linkedin.com/jobs/view/network-analyst-student-winter-2027-at-j-d-irving-limited-4471684550","https://media.licdn.com/dms/image/v2/C560BAQFonAlPcPGJWA/company-logo_100_100/company-logo_100_100/0/1679667188660/jd_irving_logo?e=2147483647&v=beta&t=Bnc2ML1SK7bpyEV6olzktVy5wLvdzd_NZA78-UeY7CU"
"Principal Software Developer - Databases","Autodesk","New Brunswick, Canada",1,"$131,000","1 week ago","https://ca.linkedin.com/jobs/view/principal-software-developer-databases-at-autodesk-4469687431","https://media.licdn.com/dms/image/v2/D560BAQGrSi2UOCdL5g/company-logo_100_100/company-logo_100_100/0/1719952472030/autodesk_logo?e=2147483647&v=beta&t=ejv20VZdhB7hf_u0Lk3oSEZZ9gfuIp9MWUH0ilyn5zs"
"Senior Software Engineer, Backend - Reliability","Camunda","Denmark, New Brunswick, Canada",1,"$143,800.00 to $231,900.00","5 days ago","https://ca.linkedin.com/jobs/view/senior-software-engineer-backend-reliability-at-camunda-4444189424","https://media.licdn.com/dms/image/v2/C560BAQGiQbE-OPp1qA/company-logo_100_100/company-logo_100_100/0/1643213812449/camunda_logo?e=2147483647&v=beta&t=oHu3syEHrjGIuunuIsHQnMZM72GsMhJVPUYAXuaeCq4"
"Technology Operations Analyst - Cybersecurity - Dieppe, New Brunswick","EY","Dieppe, New Brunswick, Canada",1,"$5,000 per year","3 days ago","https://ca.linkedin.com/jobs/view/technology-operations-analyst-cybersecurity-dieppe-new-brunswick-at-ey-4473806992","https://media.licdn.com/dms/image/v2/C510BAQGpRhkpxp5A9A/company-logo_100_100/company-logo_100_100/0/1630570672166/ernstandyoung_logo?e=2147483647&v=beta&t=b0upZAfAhCLoq3ru166xwEzp681OHwS_p2jRguRs5Fo"
"Technology Operations Analyst - Cybersecurity - Dieppe, New Brunswick","EY","Saint John, New Brunswick, Canada",1,"$5,000 per year","3 days ago","https://ca.linkedin.com/jobs/view/technology-operations-analyst-cybersecurity-dieppe-new-brunswick-at-ey-4473821427","https://media.licdn.com/dms/image/v2/C510BAQGpRhkpxp5A9A/company-logo_100_100/company-logo_100_100/0/1630570672166/ernstandyoung_logo?e=2147483647&v=beta&t=b0upZAfAhCLoq3ru166xwEzp681OHwS_p2jRguRs5Fo"
"Programming Analyst","BuzzClan","Fredericton, New Brunswick, Canada",1,"","1 week ago","https://ca.linkedin.com/jobs/view/programming-analyst-at-buzzclan-4469777412","https://media.licdn.com/dms/image/v2/D560BAQENvrwus6wtUg/company-logo_100_100/B56ZuOvwFFG0AQ-/0/1767626442018/buzzclan_llc_logo?e=2147483647&v=beta&t=PvA7Qoi9hDe8V9i7fgWKIRhTVMzWNA9ezsjMTOVipnE"
"Cyber Operator","Canadian Armed Forces | Forces armées canadiennes","Moncton, New Brunswick, Canada",1,"","1 month ago","https://ca.linkedin.com/jobs/view/cyber-operator-at-canadian-armed-forces-forces-arm%C3%A9es-canadiennes-4451203896","https://media.licdn.com/dms/image/v2/D4E0BAQH6feyqGwmz7w/company-logo_100_100/company-logo_100_100/0/1692287485555/canadian_forces_logo?e=2147483647&v=beta&t=9Xp9ZVKLVcTzVKEXUxvFDLLEG4LYrvs55NLn_JX8p0M"
"STAGE / JOB ÉTUDIANT IT - DÉVELOPPEMENT INFORMATIQUE ET AUTOMATION (MASTER)","Ecofrost România","Notre Dame, New Brunswick, Canada",1,"","2 months ago","https://ca.linkedin.com/jobs/view/stage-job-%C3%A9tudiant-it-d%C3%A9veloppement-informatique-et-automation-master-at-ecofrost-rom%C3%A2nia-4438995040","https://media.licdn.com/dms/image/v2/D4D0BAQFStRwZf_pT9A/company-logo_100_100/B4DZUdcgHzHwAQ-/0/1739955766291/ecofrostromania_logo?e=2147483647&v=beta&t=qhbE1eYq8kXhRc_8HLg38oX-OdLvz5yPXec-sG7mjcU"
"AI Development & Continuous Improvement Student (Summer 2027)","Irving Woodlands","Saint John, New Brunswick, Canada",1,"","20 hours ago","https://ca.linkedin.com/jobs/view/ai-development-continuous-improvement-student-summer-2027-at-irving-woodlands-4475880557","https://media.licdn.com/dms/image/v2/C4D0BAQGn3Jcgq13_9A/company-logo_100_100/company-logo_100_100/0/1630507490212/irving_woodlands_logo?e=2147483647&v=beta&t=t47qlCMzFyObBKTOGAX8I1midIsSduz1yDc2PeThgu8"
"Software Developer I - 4 months internship/ Co-op (Winter 2027)","Intact","Greater St. John's Metropolitan Area",1,"","6 days ago","https://ca.linkedin.com/jobs/view/software-developer-i-4-months-internship-co-op-winter-2027-at-intact-4471980274","https://media.licdn.com/dms/image/v2/D4E0BAQGa4yoMnJYW2Q/company-logo_100_100/B4EZjS4GnEHEAQ-/0/1755884579607/intact_logo?e=2147483647&v=beta&t=Dsu3kdZULhIachqBup3vkkYgogRDMXLw7ZeaUssd8jw"
"Verafin - Information Security Student (January 2027)","Nasdaq","St John’s, Newfoundland and Labrador, Canada",1,"","4 days ago","https://ca.linkedin.com/jobs/view/verafin-information-security-student-january-2027-at-nasdaq-4474776594","https://media.licdn.com/dms/image/v2/C4E0BAQHa5sYUYvnOfw/company-logo_100_100/company-logo_100_100/0/1651501366522/nasdaq_logo?e=2147483647&v=beta&t=4gEIxXOxQH_tGRLSht_gmn9hlyf48htX2ZZh6YFmRxs"
"Senior Software Engineer, Backend (Lake Analytics Platform)","Affirm","Greater St. John's Metropolitan Area",1,"$153,000 - 213,000","3 days ago","https://ca.linkedin.com/jobs/view/senior-software-engineer-backend-lake-analytics-platform-at-affirm-4438389446","https://media.licdn.com/dms/image/v2/C560BAQEHSbORvS_jKg/company-logo_100_100/company-logo_100_100/0/1630665839795/affirm_logo?e=2147483647&v=beta&t=DTdnXfvSnUdk2QDzx2pxLSTqSBNcll6e2T8YQQGRHEk"
"Principal Software Developer - Databases","Autodesk","Newfoundland and Labrador, Canada",1,"$131,000","1 week ago","https://ca.linkedin.com/jobs/view/principal-software-developer-databases-at-autodesk-4469672877","https://media.licdn.com/dms/image/v2/D560BAQGrSi2UOCdL5g/company-logo_100_100/company-logo_100_100/0/1719952472030/autodesk_logo?e=2147483647&v=beta&t=ejv20VZdhB7hf_u0Lk3oSEZZ9gfuIp9MWUH0ilyn5zs"
"Staff CIAM Software Engineer","Affirm","Greater St. John's Metropolitan Area",1,"$181,000 - $241,000","1 week ago","https://ca.linkedin.com/jobs/view/staff-ciam-software-engineer-at-affirm-4452387580","https://media.licdn.com/dms/image/v2/C560BAQEHSbORvS_jKg/company-logo_100_100/company-logo_100_100/0/1630665839795/affirm_logo?e=2147483647&v=beta&t=DTdnXfvSnUdk2QDzx2pxLSTqSBNcll6e2T8YQQGRHEk"
"Senior Back End Developer","CoLab","Greater St. John's Metropolitan Area",1,"","1 week ago","https://ca.linkedin.com/jobs/view/senior-back-end-developer-at-colab-4454563340","https://media.licdn.com/dms/image/v2/D560BAQHQPymjbARr_w/company-logo_100_100/B56Zp95WgtIsAU-/0/1763048778247/colabsoftware_logo?e=2147483647&v=beta&t=rlzv6SDAL8iZWGteYO8ZLGRGyYmde55POD8bje0uvIM"
"DOMO Developer/Data Analyst","xCroTek AI","Open Hall, Newfoundland and Labrador, Canada",1,"","2 months ago","https://ca.linkedin.com/jobs/view/domo-developer-data-analyst-at-xcrotek-ai-4442289379","https://media.licdn.com/dms/image/v2/D4D0BAQGRKr36kew46g/company-logo_100_100/B4DZXg1nD0HkAQ-/0/1743233906225/xcrotek_logo?e=2147483647&v=beta&t=BJo0-M7oGmz9qZqIf0yQIQGqgYCulRPW6cIMTTiSXno"
"Snowflake Data Engineer","xCroTek AI","Open Hall, Newfoundland and Labrador, Canada",1,"","2 months ago","https://ca.linkedin.com/jobs/view/snowflake-data-engineer-at-xcrotek-ai-4442282674","https://media.licdn.com/dms/image/v2/D4D0BAQGRKr36kew46g/company-logo_100_100/B4DZXg1nD0HkAQ-/0/1743233906225/xcrotek_logo?e=2147483647&v=beta&t=BJo0-M7oGmz9qZqIf0yQIQGqgYCulRPW6cIMTTiSXno"
"Principal Software Developer (Forma Data, File+)","Autodesk","Newfoundland and Labrador, Canada",1,"$131,000","1 week ago","https://ca.linkedin.com/jobs/view/principal-software-developer-forma-data-file%2B-at-autodesk-4469676726","https://media.licdn.com/dms/image/v2/D560BAQGrSi2UOCdL5g/company-logo_100_100/company-logo_100_100/0/1719952472030/autodesk_logo?e=2147483647&v=beta&t=ejv20VZdhB7hf_u0Lk3oSEZZ9gfuIp9MWUH0ilyn5zs"
"Modern Data Stack Engineer Consultant / Senior Consultant","Deloitte","Greater St. John's Metropolitan Area",1,"$58,000 - $102,000,","2 weeks ago","https://ca.linkedin.com/jobs/view/modern-data-stack-engineer-consultant-senior-consultant-at-deloitte-4469158878","https://media.licdn.com/dms/image/v2/C560BAQGNtpblgQpJoQ/company-logo_100_100/company-logo_100_100/0/1662120928214/deloitte_logo?e=2147483647&v=beta&t=OSF8M5LreT0Sf2F-JcNk6XMT0ArCuPfDmRR-knCC4HY"
"Senior Software Engineer, Backend (Lake Analytics Platform)","Affirm","Queens, Prince Edward Island, Canada",1,"$153,000 - 213,000","1 day ago","https://ca.linkedin.com/jobs/view/senior-software-engineer-backend-lake-analytics-platform-at-affirm-4438398252","https://media.licdn.com/dms/image/v2/C560BAQEHSbORvS_jKg/company-logo_100_100/company-logo_100_100/0/1630665839795/affirm_logo?e=2147483647&v=beta&t=DTdnXfvSnUdk2QDzx2pxLSTqSBNcll6e2T8YQQGRHEk"
"Senior Software Engineer, backend (Online Storage)","Affirm","Queens, Prince Edward Island, Canada",1,"$153,000 - 213,000","5 days ago","https://ca.linkedin.com/jobs/view/senior-software-engineer-backend-online-storage-at-affirm-4472384082","https://media.licdn.com/dms/image/v2/C560BAQEHSbORvS_jKg/company-logo_100_100/company-logo_100_100/0/1630665839795/affirm_logo?e=2147483647&v=beta&t=DTdnXfvSnUdk2QDzx2pxLSTqSBNcll6e2T8YQQGRHEk"
"Principal Software Developer - Databases","Autodesk","Prince Edward Island, Canada",1,"$131,000","1 week ago","https://ca.linkedin.com/jobs/view/principal-software-developer-databases-at-autodesk-4469679610","https://media.licdn.com/dms/image/v2/D560BAQGrSi2UOCdL5g/company-logo_100_100/company-logo_100_100/0/1719952472030/autodesk_logo?e=2147483647&v=beta&t=ejv20VZdhB7hf_u0Lk3oSEZZ9gfuIp9MWUH0ilyn5zs"
"Principal Software Developer (Forma Data, File+)","Autodesk","Prince Edward Island, Canada",1,"$131,000","1 week ago","https://ca.linkedin.com/jobs/view/principal-software-developer-forma-data-file%2B-at-autodesk-4469688383","https://media.licdn.com/dms/image/v2/D560BAQGrSi2UOCdL5g/company-logo_100_100/company-logo_100_100/0/1719952472030/autodesk_logo?e=2147483647&v=beta&t=ejv20VZdhB7hf_u0Lk3oSEZZ9gfuIp9MWUH0ilyn5zs"
"Cyber Defense, Analyst – Data Loss Prevention","Invesco","Charlottetown, Prince Edward Island, Canada",1,"$2.3","1 week ago","https://ca.linkedin.com/jobs/view/cyber-defense-analyst-%E2%80%93-data-loss-prevention-at-invesco-4463658516","https://media.licdn.com/dms/image/v2/D560BAQGuyhgvWKhYBQ/company-logo_100_100/company-logo_100_100/0/1696346018129/invesco_ltd_logo?e=2147483647&v=beta&t=7H5SjVahbp5jRbYRgB3ZwjZqwNvie_LpU2JH7aELe4w"
"Développeuses principales et développeurs principaux Full-stack","FCC / FAC","Prince Edward Island, Canada",1,"$94,620 - $128,020","2 weeks ago","https://ca.linkedin.com/jobs/view/d%C3%A9veloppeuses-principales-et-d%C3%A9veloppeurs-principaux-full-stack-at-fcc-fac-4431739800","https://media.licdn.com/dms/image/v2/D4E0BAQE2V9dgT0MK2A/company-logo_100_100/B4EZ.Lsw0VH8AQ-/0/1784755195575/fcc_fac_logo?e=2147483647&v=beta&t=ruOoMqoaq5q7_rTU-nf-WCzB8h2qdIopAa9D6Z_ERmI"
"Senior Engineer Digital Distribution","Invesco","Charlottetown, Prince Edward Island, Canada",1,"$70,000 - $75,000","4 days ago","https://ca.linkedin.com/jobs/view/senior-engineer-digital-distribution-at-invesco-4429570158","https://media.licdn.com/dms/image/v2/D560BAQGuyhgvWKhYBQ/company-logo_100_100/company-logo_100_100/0/1696346018129/invesco_ltd_logo?e=2147483647&v=beta&t=7H5SjVahbp5jRbYRgB3ZwjZqwNvie_LpU2JH7aELe4w"
"Senior Full Stack Developers","FCC / FAC","Prince Edward Island, Canada",1,"$94,620 - $128,020","2 weeks ago","https://ca.linkedin.com/jobs/view/senior-full-stack-developers-at-fcc-fac-4431768278","https://media.licdn.com/dms/image/v2/D4E0BAQE2V9dgT0MK2A/company-logo_100_100/B4EZ.Lsw0VH8AQ-/0/1784755195575/fcc_fac_logo?e=2147483647&v=beta&t=ruOoMqoaq5q7_rTU-nf-WCzB8h2qdIopAa9D6Z_ERmI"
"Digital Support Analyst, BMO Investorline (Bilingual in French and in English)","BMO","Prince Edward Island, Canada",1,"$45,000.00 - $100,000.00","2 weeks ago","https://ca.linkedin.com/jobs/view/digital-support-analyst-bmo-investorline-bilingual-in-french-and-in-english-at-bmo-4468247045","https://media.licdn.com/dms/image/v2/D4E0BAQEvomVaVzasOg/company-logo_100_100/company-logo_100_100/0/1719928466334/bank_of_montreal_logo?e=2147483647&v=beta&t=sQgJjhJcqLJwornr1xgs4b7--UfPNgjEa5EzNaS0M9k"
"Web Developer (Django Specialist)","Webhorse Technologies","Inuvik, Northwest Territories, Canada",1,"","2 months ago","https://ca.linkedin.com/jobs/view/web-developer-django-specialist-at-webhorse-technologies-4439489999","https://media.licdn.com/dms/image/v2/D4E0BAQHjUMbB_4nc_A/company-logo_100_100/B4EZtwoBf3KkAU-/0/1767121099262/webhorse_technologies_logo?e=2147483647&v=beta&t=WApl8SDktb2lCumQFo8WJcercBoul7sQHnrT6DiAeBk"
"Data Management Specialist","Webhorse Technologies","Inuvik, Northwest Territories, Canada",1,"","2 months ago","https://ca.linkedin.com/jobs/view/data-management-specialist-at-webhorse-technologies-4440750635","https://media.licdn.com/dms/image/v2/D4E0BAQHjUMbB_4nc_A/company-logo_100_100/B4EZtwoBf3KkAU-/0/1767121099262/webhorse_technologies_logo?e=2147483647&v=beta&t=WApl8SDktb2lCumQFo8WJcercBoul7sQHnrT6DiAeBk"
"Cloud Specialist (AWS Certified)","Webhorse Technologies","Inuvik, Northwest Territories, Canada",1,"","2 months ago","https://ca.linkedin.com/jobs/view/cloud-specialist-aws-certified-at-webhorse-technologies-4439808200","https://media.licdn.com/dms/image/v2/D4E0BAQHjUMbB_4nc_A/company-logo_100_100/B4EZtwoBf3KkAU-/0/1767121099262/webhorse_technologies_logo?e=2147483647&v=beta&t=WApl8SDktb2lCumQFo8WJcercBoul7sQHnrT6DiAeBk"
"IT Technician","Webhorse Technologies","Inuvik, Northwest Territories, Canada",1,"","2 months ago","https://ca.linkedin.com/jobs/view/it-technician-at-webhorse-technologies-4439493916","https://media.licdn.com/dms/image/v2/D4E0BAQHjUMbB_4nc_A/company-logo_100_100/B4EZtwoBf3KkAU-/0/1767121099262/webhorse_technologies_logo?e=2147483647&v=beta&t=WApl8SDktb2lCumQFo8WJcercBoul7sQHnrT6DiAeBk"
"IT Support Technician (Microsoft Solutions Specialist)","Webhorse Technologies","Inuvik, Northwest Territories, Canada",1,"","2 months ago","https://ca.linkedin.com/jobs/view/it-support-technician-microsoft-solutions-specialist-at-webhorse-technologies-4439813074","https://media.licdn.com/dms/image/v2/D4E0BAQHjUMbB_4nc_A/company-logo_100_100/B4EZtwoBf3KkAU-/0/1767121099262/webhorse_technologies_logo?e=2147483647&v=beta&t=WApl8SDktb2lCumQFo8WJcercBoul7sQHnrT6DiAeBk"
"IT Technician","Baffinland","Clyde River, Nunavut, Canada",2,"","1 month ago","https://ca.linkedin.com/jobs/view/it-technician-at-baffinland-4463117525","https://media.licdn.com/dms/image/v2/D560BAQFfBV_4j2zdZw/company-logo_100_100/B56Zm6kDPxHQAQ-/0/1759771637443/baffinland_iron_mines_corp__logo?e=2147483647&v=beta&t=sL8fy2lUIyZjU0SLtdmkulxebY8ADS6-MsA6ub9EF7c"
"Analyst, Information Technology","Agnico Eagle Mines Limited","Baker Lake, Nunavut, Canada",1,"","3 days ago","https://ca.linkedin.com/jobs/view/analyst-information-technology-at-agnico-eagle-mines-limited-4475035112","https://media.licdn.com/dms/image/v2/C4D0BAQGl8wriMA_xog/company-logo_100_100/company-logo_100_100/0/1631360480369/agnico_eagle_mines_logo?e=2147483647&v=beta&t=P6FUQ-_2v0iOwqhhM25ncuCznoIjYIzCcZ-Q3w99-iM"
"IT Site Superintendent","Baffinland","Clyde River, Nunavut, Canada",1,"","3 months ago","https://ca.linkedin.com/jobs/view/it-site-superintendent-at-baffinland-4435126556","https://media.licdn.com/dms/image/v2/D560BAQFfBV_4j2zdZw/company-logo_100_100/B56Zm6kDPxHQAQ-/0/1759771637443/baffinland_iron_mines_corp__logo?e=2147483647&v=beta&t=sL8fy2lUIyZjU0SLtdmkulxebY8ADS6-MsA6ub9EF7c"
"Information Officer Analyst (Economics)","Government of Nunavut","Iqaluit, Nunavut, Canada",1,"","20 hours ago","https://ca.linkedin.com/jobs/view/information-officer-analyst-economics-at-government-of-nunavut-4474627705","https://media.licdn.com/dms/image/v2/D560BAQGY5C3RBbduZw/company-logo_100_100/B56ZuZIYnBKgAQ-/0/1767800671385/government_of_nunavut_logo?e=2147483647&v=beta&t=xekxOap9EmFmUo95Ce9tr9XtB7UAdEgjZu-6paX0fZg"
